{"cameraMode":{"drawMode":0,"name":"Shaded","section":"Shading Mode"},"sceneLighting":false,"audioPlay":false,"sceneViewState":{"m_AlwaysRefresh":false,"showFog":true,"showSkybox":false,"showFlares":true,"showImageEffects":true,"showParticleSystems":true,"showVisualEffectGraphs":true,"m_FxEnabled":true},"in2DMode":false,"pivot":{"x":2.2041635513305666,"y":1.1684463024139405,"z":1.2311683893203736},"rotation":{"x":-0.0332530252635479,"y":-0.05484437942504883,"z":0.001828705775551498,"w":-0.9979432821273804},"size":0.21650634706020356,"orthographic":true}