{"cameraMode":{"drawMode":0,"name":"Shaded","section":"Shading Mode"},"sceneLighting":true,"audioPlay":false,"sceneViewState":{"m_AlwaysRefresh":false,"showFog":true,"showSkybox":true,"showFlares":true,"showImageEffects":true,"showParticleSystems":true,"showVisualEffectGraphs":true,"m_FxEnabled":true},"in2DMode":false,"pivot":{"x":-0.9536943435668945,"y":5.386772155761719,"z":-10.260802268981934},"rotation":{"x":0.24916145205497743,"y":0.1876983493566513,"z":-0.049346767365932468,"w":0.9488447308540344},"size":10.862325668334961,"orthographic":true}