{"cameraMode":{"drawMode":0,"name":"Shaded","section":"Shading Mode"},"sceneLighting":true,"audioPlay":false,"sceneViewState":{"m_AlwaysRefresh":false,"showFog":true,"showSkybox":true,"showFlares":true,"showImageEffects":true,"showParticleSystems":true,"showVisualEffectGraphs":true,"m_FxEnabled":true},"in2DMode":false,"pivot":{"x":-0.9536943435668945,"y":5.386772155761719,"z":-10.260802268981934},"rotation":{"x":0.11256624013185501,"y":-0.010130864568054676,"z":0.001089665456674993,"w":0.9936179518699646},"size":4.654149532318115,"orthographic":true}