{"cameraMode":{"drawMode":0,"name":"Shaded","section":"Shading Mode"},"sceneLighting":true,"audioPlay":false,"sceneViewState":{"m_AlwaysRefresh":false,"showFog":true,"showSkybox":true,"showFlares":true,"showImageEffects":true,"showParticleSystems":true,"showVisualEffectGraphs":true,"m_FxEnabled":true},"in2DMode":false,"pivot":{"x":-15.190437316894532,"y":10.305708885192871,"z":-13.21557903289795},"rotation":{"x":-0.29139256477355959,"y":-0.02812623605132103,"z":0.008559121750295163,"w":-0.9561689496040344},"size":12.320704460144043,"orthographic":true}