{"cameraMode":{"drawMode":0,"name":"Shaded","section":"Shading Mode"},"sceneLighting":true,"audioPlay":false,"sceneViewState":{"m_AlwaysRefresh":false,"showFog":true,"showSkybox":true,"showFlares":true,"showImageEffects":true,"showParticleSystems":true,"showVisualEffectGraphs":true,"m_FxEnabled":true},"in2DMode":false,"pivot":{"x":-20.980098724365236,"y":1.7734758853912354,"z":-8.49294376373291},"rotation":{"x":-0.26992082595825198,"y":-0.003762045642361045,"z":0.001040671020746231,"w":-0.9628898501396179},"size":12.782929420471192,"orthographic":true}