{"cameraMode":{"drawMode":0,"name":"Shaded","section":"Shading Mode"},"sceneLighting":true,"audioPlay":false,"sceneViewState":{"m_AlwaysRefresh":false,"showFog":true,"showSkybox":true,"showFlares":true,"showImageEffects":true,"showParticleSystems":true,"showVisualEffectGraphs":true,"m_FxEnabled":true},"in2DMode":false,"pivot":{"x":1.0704275369644166,"y":8.131982803344727,"z":2.2970221042633058},"rotation":{"x":-0.15289698541164399,"y":-0.8294699788093567,"z":0.27470284700393679,"w":-0.4616806209087372},"size":7.9913506507873539,"orthographic":true}